<?xml version="1.0" encoding="utf-8" standalone="yes" ?>
<rss version="2.0" xmlns:atom="http://www.w3.org/2005/Atom">
  <channel>
    <title>Tags on Slumdown</title>
    <link>/tags/</link>
    <description>Recent content in Tags on Slumdown</description>
    <generator>Hugo -- gohugo.io</generator>
    <language>en-us</language>
    <lastBuildDate>Sun, 21 Apr 2019 00:00:00 +0000</lastBuildDate>
    
	<atom:link href="/tags/index.xml" rel="self" type="application/rss+xml" />
    
    
    <item>
      <title>blogdown</title>
      <link>/tags/blogdown/</link>
      <pubDate>Sun, 21 Apr 2019 00:00:00 +0000</pubDate>
      
      <guid>/tags/blogdown/</guid>
      <description></description>
    </item>
    
    <item>
      <title>slum</title>
      <link>/tags/slum/</link>
      <pubDate>Sun, 21 Apr 2019 00:00:00 +0000</pubDate>
      
      <guid>/tags/slum/</guid>
      <description></description>
    </item>
    
    <item>
      <title>slumstyle</title>
      <link>/tags/slumstyle/</link>
      <pubDate>Sat, 20 Apr 2019 00:00:00 +0000</pubDate>
      
      <guid>/tags/slumstyle/</guid>
      <description></description>
    </item>
    
    <item>
      <title>github pages</title>
      <link>/tags/github-pages/</link>
      <pubDate>Wed, 17 Apr 2019 00:00:00 +0000</pubDate>
      
      <guid>/tags/github-pages/</guid>
      <description></description>
    </item>
    
    <item>
      <title>hugo</title>
      <link>/tags/hugo/</link>
      <pubDate>Tue, 16 Apr 2019 00:00:00 +0000</pubDate>
      
      <guid>/tags/hugo/</guid>
      <description></description>
    </item>
    
    <item>
      <title>kunoichi</title>
      <link>/tags/kunoichi/</link>
      <pubDate>Mon, 15 Apr 2019 00:00:00 +0000</pubDate>
      
      <guid>/tags/kunoichi/</guid>
      <description></description>
    </item>
    
    <item>
      <title>slumdown</title>
      <link>/tags/slumdown/</link>
      <pubDate>Mon, 15 Apr 2019 00:00:00 +0000</pubDate>
      
      <guid>/tags/slumdown/</guid>
      <description></description>
    </item>
    
  </channel>
</rss>